Учебное_заведение;Город;Число_поступающих;Средний_балл;Широта;Долгота
"МАОУ ""Средняя общеобразовательная школа №25 с углубленным изучением отдельных предметов""";Златоуст;1;100;55.1715695;59.6726264
МКОУ средняя общеобразовательная школа № 105 Купинского района Новосибирской области;Купино;1;100;54.3660317;77.2972969
Майкаинская средняя общеобразовательная школа №2 отдела образования Баянаульского района;Майкаин;1;100;51.4831321;75.82660708
"МАОУ ""Гимназия №3"" г. Перми";Пермь;1;100;58.0103211;56.2341778
Турочакская средняя общеобразовательная школа Республики Алтай;Турочак;1;100;52.2576;87.1224
ФГАОУ ВО Тюменский государственный университет;Тюмень;1;100;57.1530824;65.5343118
Томский физико-технический лицей;Томск;1;96;56.4847036;84.9481737
Рыбаловская средняя общеобразовательная школа Томского района Томской области;Рыбалово;1;96;56.52686656;84.52688153
Средняя общеобразовательная школа № 36;Кемерово;1;96;55.3909721;86.0467864
"КГУ ""Общеобразовательная школа №1"" акимата города Сарани";Сарань;1;93;49.7908;72.83744
"МБОУ ""СОШ №198""";Северск;1;92;56.6031143;84.8809687
Средняя общеобразовательная школа 5 г.Колпашево;Колпашево;1;92;58.3114716;82.9027528
Муниципальная средняя (полная) общеобразовательная школа № 37 г.Томск;Томск;1;92;56.4847036;84.9481737
"КГУ ""Гимназия № 120"" имени Мажита Бегалина";Алматы;1;90;43.25667;76.92861
Средняя общеобразовательная школа № 12 города Белово Кемеровской области;Белово;2;89;54.4221442;86.3036438
Средняя общеобразовательная школа 16 г.Караганда;Караганда;2;88;49.83333;73.1658
Средняя общеобразовательная школа № 4 г. Иркутск;Иркутск;1;87;52.2863513;104.280655
Лицей 1 г.Иркутск;Иркутск;1;87;52.2863513;104.280655
Республиканский классический лицей;Горно-Алтайск;1;87;51.9582681;85.9602957
"МКОУ ""Вавиловская средняя школа"" Бакчарского района Томской области";Бакчар;1;87;57.01861;82.07111
"Коммунальное государственное учреждение ""Средняя школа №7 города Аксу";Аксу;1;86;52.44422;71.95761
"МБОУ ""Северский лицей""ЗАТО Северск Томской области";Северск;2;85;56.6031143;84.8809687
Сибирский геофизический колледж;Новосибирск;1;85;55.0281016;82.9210575
"Государственное учреждение ""Средняя общеобразовательная школа №13 города Павлодара""";Павлодар;2;84;52.28333;76.96667
"Государственное учреждение ""школа-лицей №16"" города Павлодара";Павлодар;1;83;52.28333;76.96667
МАОУ СОШ №13;Серов;1;83;59.6048651;60.5752136
"Муниципальное общеобразовательное учреждение ""Северская гимназия"" ЗАТО Северск Томской области";Северск;1;83;56.6031143;84.8809687
МБОУ СОШ №24;Кемерово;1;83;55.3909721;86.0467864
Средняя школа 2 г.Кокшетау Р.Казахстан;Кокшетау;1;83;53.28333;69.4
Муниципальное общеобразовательное учреждение гимназия № 56 г.Томск;Томск;2;79;56.4847036;84.9481737
"КГУ ""Гимназия №1 города Темиртау""";Темиртау;1;79;50.05494;72.96464
Сибирский лицей г. Томска;Томск;1;78;56.4847036;84.9481737
Муниципальное общеобразовательное учреждение гимназия № 6 г.Томск;Томск;1;78;56.4847036;84.9481737
МАОУ Заозерная СОШ с углубленным изучением отдельных предметов №16;Томск;1;78;56.4847036;84.9481737
"МАОУ ""Гимназия города Юрги""";Юрга;1;78;55.7202689;84.8885516
Ягоднинская муниципальная средняя (полная) общеобразовательная школа;Ягодное;1;78;62.52406;149.62827
Большелеушинская средняя общеобразовательная школа ;Большие Леуши;1;78;62.2002969;67.17225183
"муниципальное бюджетное общеобразовательное учреждение куйбышевского района ""средняя общеобразовательная школа №9"" города куйбышева новосибирской области ";Куйбышевский район. Куйбышев;1;78;55.44753;78.32181
Белоярская средняя общеобразовательная школа № 1 Верхнекетского района Томской области;Белый Яр;1;78;53.60389;91.39028
"МКОУ ""Усть-Волчихинская средняя школа""";Барнаул;1;78;53.3481145;83.7798362
"МБОУ ""Лицей ""Эврика""";Саяногорск;1;78;53.1008226;91.4121643
МБОУ СОШ с углубленным изучением отдельных предметов №32 г. Прокопьевска;Прокопьевск;1;78;53.8604562;86.7183428
"МБОУ ""Школа №14"" ";Прокопьевск;1;78;53.8604562;86.7183428
"МАОУ ""СОШ""Мастерград"" г. Перми";Пермь;1;78;58.0103211;56.2341778
Средняя общеобразовательная школа 3 г.Нягань;Нягань;1;78;62.1454839;65.3944361
"КГУ ""Специализированная гимназия №8 с обучением на трех языках имени М.Х. Дулати""";Шымкент;1;76;42.3;69.6
Муниципальное общеобразовательное учреждение Гуманитарный лицей г.Томск;Томск;1;74;56.4847036;84.9481737
МАОУ СОШ №23 г.Томска;Томск;1;74;56.4847036;84.9481737
Средняя общеобразовательная школа № 50 г.Томск;Томск;1;74;56.4847036;84.9481737
МАОУ Гимназия 2 городского округа город  Стерлитамак Республики Башкортостан ;Стерлитамак;1;74;53.6302498;55.9315707
Шегарская муниципальная средняя (полная) общеобразовательная школа № 1;Мельниково;1;74;56.55738;84.0835
Бийский лицей-интернат Алтайского края;Бийск;1;74;52.5393683;85.2138852
Емельяновская средняя общеобразовательная школа 1 Емельяновского района Красноярского края;Емельяново;1;74;56.16776;92.67539
Средняя общеобразовательная школа №47 Барабинского р-на Новосибирской области;Барабинск;1;74;55.3515917;78.3465012
Средняя общеобразовательная школа № 1;Ленинск-Кузнецкий;1;74;54.6674092;86.1796724
МБОУ “Каргасокская средняя общеобразовательная школа-интернат № 1”;Каргасок;1;74;59.05556;80.85722
"коммунальное государственное учреждение ""Средняя общеобразовательная школа №28"" ГУ ""Отдел образования г. Семей ВКО""";Семей;1;73;50.42675;80.26669
Общеобразовательная средняя школа 4 г.Жезказгана Р.Казахстан;Жезказган;1;72;47.78333;67.76667
КГУ «школа-гимназия 22»;Нур-Султан;1;71;51.1801;71.44598
Павлодарский химико-механический колледж г.Павлодар Р.Казахстан;Павлодар;1;69;52.28333;76.96667
"МБОУ ""СОШ 26""";Новокузнецк;1;69;53.7942757;87.2144046
МБНОУ Гимназия №48;Новокузнецк;1;69;53.7942757;87.2144046
МБОУ Средняя общеобразовательная школа № 83;Северск;1;69;56.6031143;84.8809687
Средняя общеобразовательная школа 19 с углубленным изучением отдельных предметов г.Междуреченска;Междуреченск;1;69;53.6865695;88.0703888
МАОУ гимназия №2;Асино;2;68;56.9908444;86.1765724
Муниципальная средняя (полная) общеобразовательная школа № 198 г.Северск;Северск;2;68;56.6031143;84.8809687
Средняя общеобразовательная школа № 25 г.Томск;Томск;1;68;56.4847036;84.9481737
МАОУ СОШ №2 г.Томска;Томск;1;68;56.4847036;84.9481737
Муниципальная средняя (полная) общеобразовательная школа № 28 г.Томск;Томск;1;68;56.4847036;84.9481737
Средняя общеобразовательная школа № 8 г.Юрги Кемеровской области;Юрга;1;68;55.7202689;84.8885516
"КГУ ""Областная специализированная школа-лицей для детей. одаренных в области математики. физики. информатики""";Усть-Каменогорск;1;67;49.97143;82.60586
МАОУ Сибирский лицей г. Томск;Томск;1;67;56.4847036;84.9481737
Муниципальное общеобразовательное учреждение гимназия № 2 г.Томск;Томск;1;67;56.4847036;84.9481737
Русская Классическая Гимназия №2;Томск;2;67;56.4847036;84.9481737
Средняя общеобразовательная школа 12 г.Сургут;Сургут;1;67;61.2539773;73.3961726
Бакчарская средняя общеобразовательная школа;Бакчар;1;67;57.01861;82.07111
муниципальное казенное общеобразовательное учреждение Краснозерского района Новосибирской области Краснозерская средняя общеобразовательная школа №2 имени Ф.И. Анисичкина;Краснозерское;1;67;53.98277;79.23735
МБОУ СОШ №40 имени Катасонова;Кемерово;1;67;55.3909721;86.0467864
Анастасьевская муниципальная средняя (полная) общеобразовательная школа;Анастасьевка;1;66;56.79339218;83.59888448
"ГУ ""Средняя общеобразовательная школа №13 города Павлодара""";Павлодар;1;66;52.28333;76.96667
Лицей № 11;Новокузнецк;1;66;53.7942757;87.2144046
МАОУ Лицей №8;Назарово;1;66;56.0113176;90.4167947
Средняя общеобразовательная школа 43 г.Павлодар Р.Казахстан;Павлодар;1;66;52.28333;76.96667
Гимназия № 13 г.Томска;Томск;2;66;56.4847036;84.9481737
Муниципальная средняя (полная) общеобразовательная школа № 40 г.Томск;Томск;2;65;56.4847036;84.9481737
"МБОУ ""Гимназия"" г.Черногорска РХ";Черногорск;1;65;53.8258425;91.3259669
Средняя общеобразовательная школа № 49 г.Томска;Томск;1;65;56.4847036;84.9481737
"Окино-Ключевская средняя школа администрации муниципального образования ""Бичурский район"" р. Бурятия";Окино-Ключи;1;64;50.59389;107.10944
"КГУ ""Школа-гимназия №4 имени Л.Н.Толстого""";Степногорск;1;64;52.35062;71.88161
Багдаринская эвенкийская школа- интернат ;Багдарин;1;64;54.43333;113.6
"МБОУ ""СОШ № 128"" г. Барнаул. Алтайский край";Барнаул;1;63;53.3481145;83.7798362
средняя общеобразовательная школа № 6;Южно-Сахалинск;1;63;46.959133;142.7381252
Цаган-Челутайская средняя общеобразовательная школа;Цаган-Челутай;1;62;51.070627;115.085731
МАОУ средняя общеобразовательная школа № 2 г.Томск;Томск;1;62;56.4847036;84.9481737
"КГУ ""ОСШ 4""";Жезказганская;1;62;46.85902721;74.9560988
"Государственное учреждение ""Средняя общеобразовательная школа №5 города Павлодара""";Павлодар;1;62;52.28333;76.96667
"МКОУ ""Поротниковская средняя общеобразовательная школа""";Поротниково;1;61;57.01320312;82.34626194
Муниципальная средняя (полная) общеобразовательная школа № 47 г.Томск;Томск;1;61;56.4847036;84.9481737
"МАОУ ""Гимназия №87""";Саратов;1;60;51.530376;45.9530257
Павлодарский машиностроительный колледж Р.Казахстан;Павлодар;1;60;52.28333;76.96667
Гимназия 9 имени Героя Российской Федерации Немыткина М.Ю. г. Новосибирска;Новосибирск;1;60;55.0281016;82.9210575
Средняя общеобразовательная школа 9 г.Лесосибирск;Лесосибирск;1;58;58.2218201;92.5036986
"Коммунальное государственное учреждение ""Средняя школа №18"" акимата города Нур-Султан";Нур-Султан;1;56;51.1801;71.44598
Средняя общеобразовательная школа № 88 имени А.Бородина и А.Кочева;Северск;1;56;56.6031143;84.8809687
"МАОУ ""Петропавловская средняя общеобразовательная школа №1""";Улан-Удэ;1;56;51.8334378;107.5841511
